<?xml version="1.0" encoding="UTF-8"?>
<!-- 
***   type="layout-open": open new html.
*     name="div, ul, li, a, span, a, ..." & add (class="", id="", rol="",...).
*     EG: <field type="layout-option" name="div" class="abc"/> => <div class="abc">
*
***   type="layout-close": close html.
*	  name="div, ul, li, a, span, a, ..."
*     EG: <field type="layout-close" name="div"/> => </div>
*
***   type="label-tooltip": Tooltips hover on question-icon in label.  
*	  value="language_codeigniter" -> Language.
*     title="language_codeigniter" -> Language.
*
***	  type="label": Form Label
*	  value="language_codeigniter" -> Language.
*
***	  type="text, file, submit, password, radio, checkbox": Form Input
*	  placeholder="language_codeigniter" -> Language.
*	  data-msg="language_codeigniter" -> Language(form validate).
*
***	  type="select": Form Select
*	  EG: <field type="select">
*		  		<option value="1">language_codeigniter</option>
*         </field>
*
***   type="textarea": Form Textarea.
*     placeholder="language_codeigniter" -> Language.
*
***	  tooltip: class="tooltips", data-toggle="tooltip", data-placement="top, right, left, bottom", title="language".
-->


<form>
	<!-- form sandbox -->
	<field type="layout-open" name="div" class="form-group"/>
	<field type="label-tooltip" value="settings_payment_admin_form_sanbox_account" class="col-sm-2" data-toggle="tooltip" data-placement="top" title="settings_payment_admin_form_sanbox_account_title"/>
	<field type="layout-open" name="div" class="col-sm-4"/>
	<field name="config[sandbox]" type="select" class="form-control input-sm">
		<option value="1">yes</option>
		<option value="0">no</option>
	</field>
	<field type="layout-close" name="div"/>
	<field type="layout-close" name="div"/>
	<!-- end form sandbox -->
	
	<!-- form publish -->
	<field type="layout-open" name="div" class="form-group"/>
	<field type="label-tooltip" value="publish" class="col-sm-2" data-toggle="tooltip" data-placement="top" title="publish"/>
	<field type="layout-open" name="div" class="col-sm-4"/>
	<field name="config[publish]" type="select" class="form-control input-sm">
		<option value="1">published</option>
		<option value="0">unpublished</option>
	</field>
	<field type="layout-close" name="div"/>
	<field type="layout-close" name="div"/>
	<!-- end form publish -->
	
	<!-- form email -->
	<field type="layout-open" name="div" class="form-group"/>
	<field type="label" value="email" class="col-sm-2"/>
	<field type="layout-open" name="div" class="col-sm-4"/>
	<field name="config[email]" type="text" class="form-control input-sm validate required" data-type="email" data-msg="payment_paypal_email_validate" placeholder="email"/>
	<field type="layout-close" name="div"/>
	<field type="layout-close" name="div"/>
	<!-- end form email -->

	<!-- form user name -->
	<field type="layout-open" name="div" class="form-group"/>
	<field type="label" value="settings_payment_admin_form_api_username" class="col-sm-2"/>
	<field type="layout-open" name="div" class="col-sm-4"/>
	<field name="config[api_username]" type="text" class="form-control input-sm validate required" data-minlength="2" data-maxlength="200" data-msg="payment_paypal_api_username_validate" placeholder="settings_payment_admin_form_api_username_place" />
	<field type="help-block" value="settings_payment_admin_form_api_username_help_block"/>
	<field type="layout-close" name="div"/>
	<field type="layout-close" name="div"/>
	<!-- end form user name -->
	
	<!-- form password -->
	<field type="layout-open" name="div" class="form-group"/>
	<field type="label" value="settings_payment_admin_form_api_password" class="col-sm-2" data-toggle="tooltip" data-placement="top" title="Tooltip on left"/>
	<field type="layout-open" name="div" class="col-sm-4"/>
	<field name="config[password]" type="text" class="form-control input-sm validate required" data-minlength="2" data-maxlength="200" data-msg="payment_paypal_api_password_validate" placeholder="settings_payment_admin_form_api_password" />
	<field type="help-block" value="settings_payment_admin_form_api_password_help_block"/>
	<field type="layout-close" name="div"/>
	<field type="layout-close" name="div"/>
	<!-- end form password -->
	
	<!-- form signature -->
	<field type="layout-open" name="div" class="form-group"/>
	<field type="label" value="settings_payment_admin_form_api_signature" class="col-sm-2" data-toggle="tooltip" data-placement="top" title="settings_payment_admin_form_api_signature"/>
	<field type="layout-open" name="div" class="col-sm-4"/>
	<field name="config[signature]" type="text" class="form-control input-sm validate required" data-minlength="2" data-maxlength="200" data-msg="payment_paypal_api_signature_validate" placeholder="settings_payment_admin_form_api_signature" />
	<field type="help-block" value="settings_payment_admin_form_api_signature_help_block"/>
	<field type="layout-close" name="div"/>
	<field type="layout-close" name="div"/>
	<!-- end form signature -->
	
	<!-- form currency code -->
	<field type="layout-open" name="div" class="form-group"/>
	<field type="label" value="settings_payment_admin_form_currency_code" class="col-sm-2" data-toggle="tooltip" data-placement="top" title="Tooltip on left"/>
	<field type="layout-open" name="div" class="col-sm-4"/>
	<field name="config[currency_code]" type="text" class="form-control input-sm validate required" data-minlength="2" data-maxlength="6" data-msg="payment_paypal_currency_validate" placeholder="settings_payment_admin_form_currency_code" />
	<field type="layout-close" name="div"/>
	<field type="layout-close" name="div"/>
	<!-- end form currency code -->
</form>

